,userID,musicbrainzID,plays
5920,121,729,1759
5923,121,3529,251
5924,121,427,179
5926,121,2830,97
5928,121,3531,75
5929,121,193,69
5934,121,3270,43
5940,121,1027,35
5943,121,3538,28
5944,121,265,27
5950,121,3542,22
5951,121,158,21
5954,121,3545,20
5955,121,3546,19
95021,1932,229,2970
95022,1932,12370,1353
95023,1932,787,1317
95024,1932,519,1278
95025,1932,671,1261
95026,1932,362,1242
95027,1932,3210,1165
95028,1932,568,1122
95029,1932,242,1093
95030,1932,1434,1015
95031,1932,240,999
95033,1932,212,934
95034,1932,771,924
95035,1932,207,871
95039,1932,2989,854
95040,1932,8045,702
95041,1932,1213,679
95042,1932,610,672
95043,1932,237,663
95044,1932,8723,653
95045,1932,964,623
95047,1932,246,601
95048,1932,1958,559
95049,1932,5262,549
95052,1932,4289,477
95053,1932,1157,475
95055,1932,5482,455
95056,1932,196,445
95059,1932,2145,438
95060,1932,1164,426
95061,1932,1753,416
95062,1932,84,415
95065,1932,2473,400
95067,1932,245,389
95068,1932,459,385
147826,3018,258,555
147829,3018,1168,154
147831,3018,212,125
147832,3018,11438,125
147834,3018,255,101
147835,3018,583,88
147836,3018,10581,84
147837,3018,2259,71
147848,3018,457,44
147849,3018,1204,44
147852,3018,3730,39
147854,3018,4544,38
147855,3018,2249,37
147857,3018,12584,31
147858,3018,6736,31
147861,3018,7310,31
147862,3018,1596,29
147863,3018,2142,28
147869,3018,3604,25
147870,3018,7736,25
147871,3018,13350,25
265132,5425,1261,280
265133,5425,2043,225
265134,5425,907,170
265135,5425,4544,120
265137,5425,5866,99
265139,5425,2371,98
265140,5425,4016,96
265141,5425,1259,91
265142,5425,250,90
265143,5425,6858,81
265144,5425,1446,75
265145,5425,2056,74
265147,5425,821,66
265151,5425,4062,61
265152,5425,1351,60
265154,5425,791,55
265156,5425,11879,55
265158,5425,14375,54
265160,5425,265,52
265161,5425,4659,50
265163,5425,15341,47
265165,5425,293,45
265166,5425,901,45
265168,5425,54,43
265171,5425,671,40
265173,5425,242,37
265174,5425,735,36
265176,5425,18629,33
265178,5425,787,32
265179,5425,5851,32
265181,5425,1389,31
265182,5425,4145,30
265183,5425,4273,30
265184,5425,6153,30
265185,5425,4817,29
265186,5425,267,28
265188,5425,2187,27
265189,5425,5853,24
265196,5425,240,21
265197,5425,924,21
265198,5425,1947,21
265200,5425,16724,20
301005,6155,75,1770
301006,6155,276,1464
301008,6155,745,992
301009,6155,246,833
301010,6155,1,756
301011,6155,280,662
301012,6155,283,567
301013,6155,5947,521
301014,6155,5729,483
301016,6155,381,353
301017,6155,374,345
301019,6155,1469,299
301020,6155,1192,295
301021,6155,2869,278
301025,6155,278,226
301026,6155,294,221
301027,6155,1153,200
301028,6155,1023,195
301029,6155,301,190
301030,6155,1389,188
301031,6155,494,185
301032,6155,1419,184
301033,6155,41,184
301034,6155,763,171
301037,6155,774,133
301038,6155,15031,130
301039,6155,1896,119
301040,6155,2083,116
301042,6155,169,111
301043,6155,2064,108
301044,6155,1195,106
301045,6155,1078,105
301047,6155,1080,97
301048,6155,1221,97
301049,6155,622,95
364339,7450,8561,2342
364340,7450,1618,1907
364342,7450,936,1617
364343,7450,12121,1470
364344,7450,7084,1189
364345,7450,1642,980
364346,7450,351,962
364347,7450,3480,866
364348,7450,1778,648
364349,7450,546,550
364351,7450,2792,468
364354,7450,1404,302
364359,7450,565,252
364360,7450,7124,225
364361,7450,1641,210
364363,7450,1584,205
364364,7450,3491,201
364365,7450,12125,199
364367,7450,2257,185
364368,7450,11106,183
364370,7450,276,173
364371,7450,12084,172
364372,7450,470,156
364373,7450,7106,143
364374,7450,3288,139
364376,7450,845,134
364377,7450,3279,133
364378,7450,265,133
364382,7450,3967,123
364385,7450,5328,106
364388,7450,15042,100
469037,9595,1813,107
469038,9595,2362,92
469039,9595,28,91
469040,9595,354,84
469042,9595,622,68
469044,9595,961,62
469045,9595,259,62
469046,9595,24,60
469047,9595,2581,60
469048,9595,248,59
469050,9595,5014,52
469051,9595,986,48
469052,9595,560,48
469054,9595,233,47
469055,9595,1449,47
469057,9595,1960,46
469058,9595,201,44
469059,9595,1146,44
469060,9595,1176,44
469062,9595,95,42
469063,9595,708,42
469064,9595,1644,41
469065,9595,956,40
469066,9595,2355,38
469067,9595,601,37
469068,9595,74,36
469069,9595,960,35
469070,9595,217,35
469071,9595,2947,34
469074,9595,3891,32
469075,9595,496,31
469076,9595,477,29
469078,9595,516,28
469079,9595,544,27
469080,9595,254,27
469081,9595,1157,26
469082,9595,1213,23
469083,9595,5417,23
469084,9595,75,21
469085,9595,158,21
469087,9595,2363,19
469088,9595,269,19
469089,9595,2187,19
469090,9595,7332,17
469092,9595,2596,16
469095,9595,50,15
469096,9595,5680,14
469097,9595,5682,14
469098,9595,5702,14
595180,12174,14492,504
595186,12174,559,35
595187,12174,6003,33
595189,12174,592,32
595191,12174,16703,29
595192,12174,4023,27
595193,12174,13797,27
595194,12174,8021,26
595199,12174,554,21
595200,12174,6664,21
595204,12174,6089,19
595205,12174,14072,19
595206,12174,432,16
595207,12174,553,15
595208,12174,3201,14
595210,12174,3832,13
595211,12174,564,12
595213,12174,566,10
595215,12174,557,8
595216,12174,8617,7
595218,12174,3830,7
595219,12174,158,7
595220,12174,6115,7
839334,17190,917,594
839335,17190,4219,455
839336,17190,896,368
839337,17190,4217,204
839338,17190,355,191
839339,17190,901,172
839340,17190,427,162
839341,17190,883,130
839342,17190,5966,130
839343,17190,1265,103
839345,17190,7893,92
839347,17190,316,82
839348,17190,284,68
839349,17190,193,68
839352,17190,177,61
839353,17190,423,60
839354,17190,2264,54
839355,17190,910,54
839356,17190,4228,49
839358,17190,1181,38
839359,17190,5,28
839361,17190,435,24
839362,17190,974,22
839364,17190,8406,21
839365,17190,1947,21
839367,17190,7085,20
839369,17190,4853,19
839370,17190,320,19
839372,17190,497,18
839373,17190,2788,17
839374,17190,158,16
839376,17190,1572,16
839377,17190,13359,16
839379,17190,10627,14
987676,20213,2082,687
987678,20213,7328,417
987680,20213,682,323
987682,20213,273,242
987683,20213,1144,206
987684,20213,1149,205
987685,20213,10107,197
987688,20213,434,184
987690,20213,1559,178
987691,20213,5602,178
987692,20213,1581,175
987698,20213,2662,163
987700,20213,2493,154
987702,20213,300,138
987703,20213,546,136
987704,20213,246,132
987706,20213,3271,126
987708,20213,7600,116
987710,20213,6318,113
987711,20213,3287,112
987714,20213,7459,101
987716,20213,4219,96
987717,20213,1779,94
987718,20213,620,93
987719,20213,689,92
987720,20213,423,92
987721,20213,33056,92
987723,20213,504,87
1213314,24892,931,2562
1213315,24892,6316,587
1213317,24892,11048,553
1213318,24892,11046,550
1213319,24892,13114,534
1213320,24892,284,448
1213321,24892,3067,331
1213322,24892,728,325
1213323,24892,911,297
1213324,24892,2372,293
1213325,24892,566,274
1213327,24892,457,267
1213332,24892,4506,180
1213333,24892,4267,174
1213334,24892,5888,172
1213335,24892,18924,159
1213336,24892,690,158
1213337,24892,954,157
1213338,24892,1820,157
1213339,24892,2661,156
1213342,24892,4512,140
1213343,24892,355,136
1213344,24892,2395,135
1213346,24892,5472,133
1213348,24892,704,132
1213350,24892,9957,130
1213351,24892,6215,119
1213352,24892,680,112
1213353,24892,19456,112
1213356,24892,916,104
1213357,24892,5391,103
1289341,26460,5843,723
1289343,26460,1486,584
1289344,26460,710,534
1289345,26460,18985,529
1289346,26460,5,460
1289348,26460,250,378
1289349,26460,777,376
1289350,26460,265,354
1289351,26460,256,334
1289352,26460,6661,322
1289353,26460,3048,285
1289355,26460,3117,255
1289358,26460,2815,233
1289359,26460,7199,214
1289360,26460,11275,214
1289361,26460,177,209
1289363,26460,1488,204
1289364,26460,5744,202
1289365,26460,4099,196
1289366,26460,498,194
1289368,26460,7103,179
1289370,26460,3542,171
1289372,26460,6737,165
1289376,26460,5450,153
1289381,26460,5091,136
1289382,26460,4093,130
1289383,26460,5107,126
1289384,26460,257,124
1289385,26460,3546,118
1289388,26460,467,113
1289393,26460,3569,100
1289396,26460,354,97
1289397,26460,600,96
1289398,26460,1078,93
1289399,26460,3278,91
1289400,26460,11279,89
1289402,26460,14368,88
1375248,28200,13081,554
1375251,28200,911,164
1375253,28200,158,139
1375254,28200,15859,127
1375258,28200,8618,115
1375259,28200,921,115
1375260,28200,787,98
1375262,28200,922,85
1375267,28200,604,67
1375268,28200,897,67
1375272,28200,931,58
1375273,28200,11202,57
1375274,28200,355,55
1375277,28200,6477,50
1375278,28200,351,50
1375281,28200,10326,48
1375282,28200,5013,48
1375283,28200,920,47
1375285,28200,8424,45
1375287,28200,520,44
1375288,28200,12320,43
1375290,28200,938,41
1429470,29312,472,3291
1429471,29312,62,2157
1429472,29312,18862,1504
1429473,29312,283,787
1429474,29312,480,685
1429475,29312,8538,607
1429476,29312,475,350
1429477,29312,5413,286
1429478,29312,5,257
1429479,29312,217,255
1429480,29312,416,232
1429482,29312,3508,149
1429483,29312,246,149
1429484,29312,492,146
1429488,29312,503,113
1429489,29312,491,105
1429490,29312,1023,86
1429491,29312,5360,83
1429492,29312,28,83
1429493,29312,4567,82
1429494,29312,1226,80
1429495,29312,5599,72
1429496,29312,485,72
1429497,29312,687,62
1429500,29312,55,59
1429501,29312,1271,57
1429502,29312,5605,48
1429503,29312,301,43
1429505,29312,75,41
1429507,29312,1509,37
1429508,29312,69,36
1429509,29312,17582,36
1429511,29312,2506,31
1429512,29312,479,31
1429513,29312,158,30
1618072,33172,1,5098
1618073,33172,1419,1586
1618075,33172,32683,1034
1618076,33172,5984,927
1618077,33172,5563,842
1618078,33172,10844,793
1618079,33172,9301,715
1618080,33172,4521,567
1618081,33172,869,419
1618082,33172,1428,285
1618083,33172,677,278
1618084,33172,849,261
1618086,33172,870,229
1618088,33172,9010,214
1618090,33172,17193,198
1618091,33172,20335,195
1618092,33172,689,191
1618095,33172,892,169
1618096,33172,2807,158
1618097,33172,497,155
1618098,33172,6464,143
1618099,33172,936,133
1618100,33172,351,130
1618104,33172,687,124
1618105,33172,5,120
1618107,33172,2293,118
1618108,33172,6015,118
1618110,33172,158,112
1618111,33172,4526,112
1618112,33172,604,111
1618114,33172,854,108
1618117,33172,62,92
1792583,36722,578,2670
1792584,36722,2573,1056
1792585,36722,2577,754
1792586,36722,767,600
1792587,36722,996,569
1792589,36722,3674,509
1792590,36722,217,489
1792591,36722,1493,486
1792592,36722,729,403
1792593,36722,703,352
1792594,36722,199,346
1792595,36722,560,336
1792599,36722,2901,275
1792600,36722,724,267
1792602,36722,572,253
1792603,36722,2575,252
1792604,36722,201,236
1792605,36722,65,234
1792606,36722,28361,233
1792607,36722,4896,219
1792608,36722,4557,211
1792610,36722,16575,183
1792612,36722,581,179
1792614,36722,1494,173
1792615,36722,1042,164
1792616,36722,240,160
1792617,36722,4046,159
1792618,36722,986,159
1792619,36722,1506,157
1792621,36722,1146,156
1792623,36722,1655,144
1792626,36722,1804,139
1792627,36722,198,137
1792628,36722,60,137
1792629,36722,769,135
1792630,36722,204,129
1792632,36722,1217,122
1861964,38139,4506,223
1861965,38139,897,133
1861966,38139,7876,86
1861967,38139,500,67
1861968,38139,1797,35
1861969,38139,158,27
1861970,38139,543,25
1861971,38139,355,24
1861972,38139,1759,23
1861973,38139,2804,22
1861974,38139,5,21
1861976,38139,1698,20
1861977,38139,689,16
1861978,38139,427,16
1861981,38139,1151,11
1861982,38139,5377,10
1861983,38139,293,8
1861984,38139,276,8
1861985,38139,970,8
1861987,38139,2957,7
1861988,38139,7597,7
1861991,38139,6675,7
1861992,38139,37,7
1861994,38139,845,5
1861995,38139,55,5
1861997,38139,300,5
1861999,38139,11253,5
1862000,38139,1689,5
1862002,38139,906,4
1862003,38139,685,4
1862004,38139,1427,4
1862005,38139,5751,4
1862006,38139,301,4
1862008,38139,81,4
2047329,41940,735,1677
2047330,41940,196,1324
2047332,41940,901,773
2047333,41940,20461,696
2047334,41940,4608,593
2047335,41940,1506,485
2047336,41940,22219,410
2047337,41940,3119,389
2047338,41940,588,383
2047339,41940,3106,347
2047340,41940,1105,338
2047344,41940,1448,242
2047346,41940,20791,223
2047349,41940,251,215
2047350,41940,10562,205
2047352,41940,1080,181
2047354,41940,5,165
2047355,41940,1107,158
2047356,41940,2818,157
2047358,41940,7955,154
2047359,41940,430,148
2047361,41940,9668,145
2047362,41940,5167,142
2047363,41940,16289,136
2047365,41940,217,132
2047366,41940,246,131
2047369,41940,2726,130
2047371,41940,249,128
2047373,41940,6635,126
2288093,46869,1395,115
2288097,46869,7176,94
2288098,46869,246,94
2288099,46869,546,90
2288101,46869,14256,79
2288102,46869,572,77
2288103,46869,254,71
2288104,46869,19541,71
2288110,46869,6259,63
2288112,46869,1967,62
2288117,46869,2023,52
2288118,46869,408,52
2288119,46869,1952,52
2288120,46869,2946,50
2288122,46869,6984,48
2288129,46869,158,44
2288131,46869,250,43
2288132,46869,2365,42
2288133,46869,3615,42
2288134,46869,9982,41
2288135,46869,2090,40
2288137,46869,7939,39
2288139,46869,4124,39
2288141,46869,2146,39
2830011,57966,51,1920
2830012,57966,2703,1754
2830013,57966,217,1510
2830014,57966,201,1441
2830015,57966,200,1274
2830017,57966,158,912
2830018,57966,233,662
2830019,57966,242,655
2830020,57966,959,649
2830021,57966,1489,608
2830022,57966,2368,563
2830023,57966,246,549
2830025,57966,195,532
2830026,57966,41,513
2830027,57966,1312,489
2830028,57966,248,488
2830029,57966,12719,428
2830030,57966,254,394
2830031,57966,1505,383
2830033,57966,1148,332
2830034,57966,2901,324
2830036,57966,544,302
2830038,57966,660,293
2830039,57966,708,289
2830041,57966,230,263
2830042,57966,4083,261
2830044,57966,4544,240
2830045,57966,1147,218
2830046,57966,8135,204
2830048,57966,4340,198
2830050,57966,236,181
2830052,57966,549,164
2830053,57966,1080,153
2830054,57966,3922,153
2830055,57966,2032,139
2830056,57966,220,137
2830058,57966,4763,133
2830060,57966,1444,127
2841709,58204,2259,95
2841710,58204,1601,62
2841712,58204,6582,55
2841714,58204,614,47
2841715,58204,5656,47
2841716,58204,2212,46
2841717,58204,5515,45
2841718,58204,4418,44
2841719,58204,2287,43
2841720,58204,23638,39
2841721,58204,602,38
2841725,58204,15210,29
2841727,58204,6809,27
2841729,58204,4420,26
2841730,58204,890,25
2841731,58204,6804,24
2841733,58204,5534,23
2841736,58204,2656,22
2841737,58204,4067,22
2841739,58204,5038,22
2841746,58204,5759,20
2841748,58204,158,20
2841750,58204,3132,20
2841751,58204,5714,20
2841752,58204,6803,19
2841755,58204,610,18
2841758,58204,9721,17
2841762,58204,1646,15
3253724,66632,3658,1233
3253727,66632,5628,955
3253728,66632,3653,676
3253729,66632,6419,617
3253732,66632,4528,571
3253733,66632,5186,511
3253734,66632,1836,470
3253735,66632,20,464
3253741,66632,10846,342
3253743,66632,10041,273
3253745,66632,5564,252
3253746,66632,6428,244
3253747,66632,10029,236
3253748,66632,8011,231
3253750,66632,919,187
3253752,66632,7054,183
3253753,66632,13246,164
3253758,66632,1191,144
3253766,66632,8000,95
3253767,66632,193,93
3678311,75336,15614,821
3678312,75336,3067,744
3678313,75336,2687,444
3678314,75336,560,425
3678315,75336,3403,419
3678317,75336,3842,416
3678318,75336,435,409
3678319,75336,630,363
3678320,75336,290,359
3678321,75336,351,348
3678322,75336,5,343
3678323,75336,906,254
3678325,75336,4927,229
3678326,75336,75,225
3678327,75336,217,222
3678328,75336,7731,219
3678329,75336,96,214
3678330,75336,355,190
3678331,75336,421,190
3678332,75336,10635,181
3678333,75336,689,180
3678335,75336,70,176
3678337,75336,432,166
3678338,75336,300,165
3678339,75336,2811,163
3678341,75336,767,156
3678342,75336,553,143
3678343,75336,972,141
3678344,75336,13793,140
3678345,75336,424,139
3678346,75336,1157,133
3678348,75336,423,120
3678350,75336,918,114
3678352,75336,3674,112
3678353,75336,158,111
3678354,75336,3968,109
3678355,75336,293,109
3678358,75336,4509,103
3678360,75336,1145,102
3918145,80232,2671,4
3918149,80232,2663,2
3918150,80232,3778,2
3918152,80232,2672,2
3918154,80232,2674,2
3918155,80232,2686,2
3918156,80232,1778,2
3918157,80232,4381,2
3918165,80232,3772,1
3918167,80232,18268,1
3918172,80232,1401,1
3918173,80232,3782,1
3918175,80232,3763,1
3918176,80232,2664,1
3918178,80232,890,1
3918181,80232,3762,1
3918183,80232,7937,1
3918186,80232,349,1
3918188,80232,613,1
3918189,80232,12847,1
4105490,84070,566,1432
4105491,84070,984,542
4105492,84070,2589,506
4105493,84070,573,446
4105494,84070,4443,343
4105495,84070,9978,330
4105496,84070,432,319
4105497,84070,1181,304
4105498,84070,630,303
4105499,84070,310,302
4105500,84070,3209,273
4105502,84070,578,245
4105503,84070,1851,245
4105504,84070,3674,207
4105509,84070,309,183
4105510,84070,158,169
4105511,84070,631,164
4105512,84070,1183,164
4105513,84070,616,159
4105514,84070,166,152
4105515,84070,1947,134
4105516,84070,1756,133
4105517,84070,12725,132
4105518,84070,366,131
4105521,84070,5225,128
4105522,84070,9725,126
4105523,84070,3830,124
4105524,84070,9723,117
4105526,84070,606,113
4105527,84070,2867,110
4105528,84070,909,105
4105529,84070,6011,97
4105531,84070,6312,96
4105532,84070,3223,95
4105534,84070,2444,91
4477954,91705,996,438
4477955,91705,274,70
4477957,91705,3861,50
4477958,91705,993,50
4477960,91705,2498,45
4477961,91705,655,42
4477962,91705,1483,40
4477963,91705,728,40
4477964,91705,2064,39
4477965,91705,885,38
4477966,91705,3860,37
4477967,91705,11252,37
4477970,91705,276,31
4477972,91705,31376,30
4477974,91705,3915,27
4477975,91705,2675,24
4477976,91705,9300,23
4477978,91705,13716,22
4477979,91705,2117,22
4477980,91705,2052,22
4477981,91705,12,21
4477982,91705,202,21
4477983,91705,8373,19
4477988,91705,3880,18
4477989,91705,203,18
4477990,91705,2048,18
4477991,91705,1577,17
4477993,91705,780,16
4477994,91705,1572,16
4477995,91705,5943,15
4477997,91705,1252,15
4477999,91705,28,15
4678561,95816,775,900
4678562,95816,658,877
4678563,95816,3753,868
4678564,95816,4856,635
4678565,95816,10096,407
4678567,95816,5519,384
4678568,95816,7916,371
4678569,95816,158,359
4678570,95816,993,336
4678571,95816,4058,334
4678572,95816,282,314
4678573,95816,246,251
4678575,95816,416,222
4678576,95816,726,206
4678577,95816,10481,205
4678578,95816,2659,196
4678579,95816,2040,195
4678580,95816,10786,193
4678581,95816,3195,187
4678582,95816,10785,182
4678583,95816,729,179
4678586,95816,4870,163
4678588,95816,960,159
4678589,95816,4867,155
4678590,95816,273,154
4678592,95816,4880,125
4678593,95816,2279,117
4678594,95816,3599,115
4678595,95816,945,113
4678596,95816,267,101
4678597,95816,4079,100
4678599,95816,4039,87
4678601,95816,672,85
4678602,95816,2446,84
4678603,95816,265,82
4678604,95816,9805,70
4678605,95816,1491,68
4678608,95816,6382,65
4678610,95816,4871,62
4730205,96874,3741,1820
4730206,96874,4719,1516
4730207,96874,4236,1344
4730208,96874,2806,1044
4730209,96874,158,1021
4730211,96874,4230,871
4730212,96874,470,866
4730213,96874,2081,822
4730214,96874,2432,792
4730215,96874,276,744
4730216,96874,3373,731
4730217,96874,6658,688
4730219,96874,2279,509
4730220,96874,3719,507
4730222,96874,435,362
4730223,96874,762,350
4730224,96874,423,346
4730225,96874,280,329
4730226,96874,2809,324
4730228,96874,17917,276
4730229,96874,896,265
4730231,96874,917,221
4730233,96874,848,208
4730235,96874,4546,192
4730236,96874,949,190
4730237,96874,3705,186
4730238,96874,28,163
4730239,96874,2827,147
4730240,96874,427,132
4730242,96874,3982,89
4730244,96874,845,84
4730247,96874,909,61
4730248,96874,40,60
4730249,96874,685,56
4730250,96874,883,49
4730251,96874,217,47
4730253,96874,1476,45
4957359,101587,13993,1740
4957360,101587,24,1712
4957362,101587,408,1318
4957363,101587,673,1064
4957364,101587,1569,1061
4957366,101587,193,981
4957367,101587,3376,907
4957368,101587,4549,856
4957369,101587,892,845
4957370,101587,24375,693
4957371,101587,284,672
4957372,101587,5770,662
4957374,101587,996,648
4957376,101587,15819,591
4957377,101587,901,591
4957379,101587,2064,549
4957380,101587,2448,549
4957382,101587,9969,533
4957383,101587,997,510
4957384,101587,267,506
4957386,101587,528,493
4957387,101587,28,484
4957388,101587,1559,481
4957391,101587,1027,449
4957394,101587,9456,431
4957396,101587,353,425
4957397,101587,2031,419
4957398,101587,104,405
4957399,101587,2194,392
4957400,101587,1207,391
4957401,101587,1506,389
4957402,101587,2090,388
4957403,101587,1389,380
4957404,101587,1763,371
4957405,101587,786,367
4957406,101587,719,366
4957407,101587,5246,362
4957408,101587,1585,360
4957410,101587,1000,340
4957411,101587,787,339
4957412,101587,2099,336
4968185,101811,982,1229
4968186,101811,1260,964
4968188,101811,16461,640
4968189,101811,37,611
4968190,101811,20245,584
4968191,101811,24237,548
4968192,101811,26820,532
4968193,101811,16994,510
4968194,101811,660,470
4968195,101811,7571,467
4968197,101811,3212,446
4968199,101811,800,417
4968201,101811,1109,403
4968203,101811,1486,391
4968205,101811,41,377
4968206,101811,1008,355
4968207,101811,801,340
4968208,101811,1410,326
4968209,101811,1351,318
4968211,101811,1155,304
4968213,101811,6254,292
4968214,101811,8132,286
4968215,101811,4033,277
4968216,101811,764,269
4968217,101811,2788,264
4968218,101811,1952,261
4968219,101811,16142,253
4968220,101811,778,234
4968221,101811,885,232
4968222,101811,2042,224
4968224,101811,675,219
4968225,101811,1497,216
4968226,101811,3169,215
4968227,101811,6291,215
4968228,101811,3404,213
4968229,101811,1817,209
4968231,101811,1080,201
4968233,101811,886,198
4968234,101811,1453,193
4968236,101811,993,186
4968237,101811,1728,181
4968239,101811,2043,174
4968240,101811,635,174
4968241,101811,110,173
4968242,101811,664,172
4968243,101811,3195,170
4968244,101811,655,167
4968245,101811,75,163
4968246,101811,10422,160
4968247,101811,1004,156
4968248,101811,6998,146
4968249,101811,553,143
5412517,110896,6737,857
5412518,110896,2030,429
5412521,110896,723,411
5412522,110896,2120,361
5412523,110896,1967,335
5412525,110896,250,230
5412527,110896,3051,215
5412528,110896,3045,208
5412529,110896,121,188
5412530,110896,9961,162
5412533,110896,2146,140
5412535,110896,265,99
5412537,110896,3440,95
5412539,110896,7379,92
5412540,110896,2034,92
5412542,110896,5805,90
5412544,110896,11999,83
5412546,110896,2249,76
5412548,110896,1753,72
5412549,110896,2279,72
5412551,110896,2267,68
5412552,110896,202,67
5412553,110896,356,66
5412554,110896,9456,66
5412555,110896,16289,65
5412557,110896,227,62
5412560,110896,1572,57
5480711,112294,1763,212
5480712,112294,293,198
5480714,112294,1207,104
5480715,112294,6868,97
5480716,112294,4324,94
5480718,112294,1380,74
5480720,112294,1078,61
5480721,112294,382,56
5480722,112294,202,55
5480723,112294,13119,54
5480726,112294,297,49
5480730,112294,901,37
5480732,112294,158,36
5480733,112294,75,36
5480734,112294,10266,34
5480735,112294,1080,30
5480737,112294,11330,30
5480738,112294,278,27
5480739,112294,10855,26
5480740,112294,159,25
5480742,112294,1262,24
5480743,112294,6379,24
5480745,112294,1275,23
5480746,112294,12865,22
5480748,112294,9404,22
5480749,112294,4252,22
5658177,115922,338,967
5658178,115922,62,947
5658179,115922,1252,814
5658180,115922,2847,778
5658181,115922,11330,607
5658183,115922,395,497
5658184,115922,1591,358
5658185,115922,886,356
5658186,115922,2211,348
5658187,115922,416,323
5658188,115922,5013,297
5658189,115922,1269,288
5658191,115922,1226,255
5658192,115922,1858,218
5658193,115922,329,198
5658194,115922,1581,177
5658195,115922,1559,170
5658196,115922,273,166
5658197,115922,159,159
5658198,115922,494,154
5658199,115922,293,152
5658201,115922,158,128
5658203,115922,353,110
5658204,115922,6477,105
5658205,115922,414,95
5658207,115922,10266,91
5658208,115922,375,86
5658209,115922,1778,86
5658210,115922,349,86
5658211,115922,1782,84
5658212,115922,447,83
5658215,115922,1078,77
5658217,115922,332,73
5658218,115922,294,72
5658219,115922,500,72
5658220,115922,528,70
5658221,115922,1501,69
5658224,115922,357,63
5658228,115922,15802,48
5728270,117356,504,550
5728271,117356,16536,378
5728274,117356,511,254
5728275,117356,1215,239
5728276,117356,3591,233
5728277,117356,2380,226
5728278,117356,3200,176
5728279,117356,362,176
5728280,117356,5255,158
5728281,117356,1434,146
5728283,117356,2121,136
5728285,117356,11997,119
5728290,117356,8616,106
5728291,117356,11609,106
5728293,117356,158,101
5728296,117356,962,95
5728297,117356,773,93
5728298,117356,6834,83
5728299,117356,1206,80
5728300,117356,28887,79
5728302,117356,1162,76
5728303,117356,5518,74
5728304,117356,1960,73
5728305,117356,13872,72
5728306,117356,1217,71
5728309,117356,4588,68
5728311,117356,583,66
5728314,117356,6273,61
5728315,117356,11031,60
5728317,117356,2608,58
5728318,117356,3599,58
6223946,127503,408,610
6223947,127503,2211,584
6223949,127503,5,543
6223950,127503,375,462
6223951,127503,62,442
6223953,127503,2074,412
6223954,127503,1786,409
6223955,127503,7085,393
6223956,127503,9711,390
6223957,127503,10428,390
6223958,127503,2941,330
6223959,127503,470,288
6223961,127503,710,274
6223962,127503,1377,266
6223963,127503,24,266
6223964,127503,1577,264
6223965,127503,2946,255
6223966,127503,5084,244
6223967,127503,1163,237
6223968,127503,713,230
6223969,127503,10275,230
6223971,127503,13728,225
6223973,127503,5743,209
6223975,127503,353,204
6223976,127503,506,200
6223979,127503,11910,183
6223980,127503,1367,179
6223981,127503,1148,177
6223982,127503,2315,173
6223984,127503,6019,165
6223986,127503,374,159
6223989,127503,1647,144
6223990,127503,6015,143
6223991,127503,331,141
6223992,127503,5525,139
6223993,127503,7125,132
6223995,127503,1961,128
6367988,130451,177,1192
6367989,130451,185,1183
6367990,130451,2033,1106
6367991,130451,280,949
6367993,130451,732,821
6367994,130451,4619,794
6367995,130451,2300,726
6367996,130451,203,680
6367997,130451,4600,678
6367998,130451,173,671
6367999,130451,310,641
6368001,130451,311,604
6368002,130451,834,594
6368003,130451,2461,588
6368007,130451,1006,518
6368008,130451,193,491
6368009,130451,282,464
6368010,130451,150,457
6368011,130451,919,423
6368012,130451,2869,400
6368013,130451,3237,388
6368014,130451,75,370
6368015,130451,6624,354
6368016,130451,734,349
6368019,130451,152,342
6368020,130451,158,342
6368021,130451,3238,339
6368022,130451,427,326
6368026,130451,610,294
6368027,130451,2444,283
6368028,130451,4699,281
6368029,130451,255,263
6368031,130451,1187,235
6368032,130451,1259,235
6368033,130451,6227,232
6531610,133796,516,719
6531611,133796,28,395
6531613,133796,233,209
6531614,133796,74,203
6531615,133796,601,195
6531616,133796,5263,182
6531617,133796,5017,146
6531618,133796,3465,142
6531620,133796,354,109
6531621,133796,4916,107
6531622,133796,10308,95
6531624,133796,2155,94
6531629,133796,728,76
6531630,133796,1048,69
6531633,133796,1172,53
6531635,133796,961,44
6531636,133796,2097,44
6531637,133796,217,39
6531638,133796,1076,35
6531639,133796,2152,33
6531642,133796,2466,23
6531643,133796,578,22
6531645,133796,1487,20
6531646,133796,1757,19
6531647,133796,1008,19
6531648,133796,7016,19
6531649,133796,158,18
6531651,133796,487,16
6531654,133796,3023,14
6531655,133796,70,14
6791640,139102,909,1243
6791641,139102,217,1173
6791642,139102,28,1031
6791643,139102,470,980
6791644,139102,284,955
6791646,139102,1006,867
6791647,139102,2726,824
6791648,139102,62,778
6791649,139102,1157,778
6791651,139102,435,692
6791652,139102,917,666
6791654,139102,775,658
6791656,139102,1812,594
6791657,139102,687,574
6791658,139102,60,559
6791659,139102,276,549
6791660,139102,767,539
6791661,139102,1572,523
6791662,139102,982,510
6791663,139102,622,488
6791664,139102,5017,466
6791666,139102,7929,458
6791668,139102,3572,425
6791670,139102,455,399
6791671,139102,2083,384
6791672,139102,5,379
6791673,139102,500,373
6791674,139102,1389,356
6791675,139102,227,334
6791677,139102,30628,249
6791679,139102,416,233
6791682,139102,901,208
6791683,139102,4366,195
6791684,139102,732,193
6791685,139102,193,191
6791686,139102,278,181
6791688,139102,281,165
7053837,144449,4241,2467
7053838,144449,4745,1806
7053839,144449,882,792
7053840,144449,883,635
7053841,144449,2508,635
7053843,144449,896,392
7053844,144449,4236,382
7053845,144449,4021,338
7053846,144449,1202,291
7053847,144449,435,278
7053849,144449,4514,252
7053850,144449,914,237
7053851,144449,158,206
7053853,144449,4216,185
7053855,144449,1189,156
7053857,144449,11479,144
7053858,144449,6318,143
7053859,144449,7158,141
7053865,144449,293,113
7053868,144449,463,82
7053870,144449,1431,80
7053871,144449,4831,75
7053872,144449,10288,75
7053873,144449,7144,64
7053874,144449,687,62
7053875,144449,855,59
7053876,144449,884,59
7053877,144449,867,55
7053879,144449,20467,54
7053880,144449,4791,53
7053881,144449,906,47
7053882,144449,543,47
7053883,144449,910,46
7053884,144449,1259,43
7053886,144449,2740,43
7053889,144449,185,38
7068601,144752,601,389
7068602,144752,671,355
7068603,144752,408,317
7068604,144752,658,316
7068605,144752,62,292
7068607,144752,24,219
7068608,144752,281,178
7068609,144752,1491,178
7068610,144752,5417,151
7068611,144752,2653,143
7068613,144752,1080,138
7068614,144752,703,120
7068615,144752,2141,118
7068617,144752,6273,104
7068618,144752,901,98
7068620,144752,560,91
7068621,144752,619,74
7068622,144752,275,72
7068628,144752,1497,59
7068630,144752,35,54
7068631,144752,553,54
7068632,144752,993,53
7068633,144752,282,53
7068634,144752,2182,52
7068635,144752,354,52
7068636,144752,3831,48
7068637,144752,546,47
7068638,144752,2086,45
7068640,144752,891,45
7068641,144752,2972,45
7068642,144752,996,45
7068643,144752,496,43
7068644,144752,3664,37
7068645,144752,1804,37
7068647,144752,158,33
7068649,144752,5703,32
7294630,149376,2251,441
7294631,149376,267,245
7294632,149376,362,240
7294634,149376,2337,139
7294635,149376,7375,123
7294637,149376,3134,96
7294638,149376,2830,94
7294639,149376,236,91
7294640,149376,1497,88
7294641,149376,4550,86
7294642,149376,6538,86
7294643,149376,5761,85
7294645,149376,1553,83
7294646,149376,4340,80
7294647,149376,770,78
7294648,149376,3220,78
7294649,149376,583,69
7294650,149376,158,69
7294651,149376,4280,67
7294652,149376,1725,61
7294653,149376,198,55
7294656,149376,202,53
7294658,149376,996,52
7294660,149376,3140,49
7294662,149376,203,47
7294663,149376,5703,47
7294665,149376,4426,42
7294666,149376,2271,41
7294668,149376,201,39
7294670,149376,1155,37
7294673,149376,1971,34
7294675,149376,2019,33
7294676,149376,1483,32
7294677,149376,1490,32
7294678,149376,2627,32
7294680,149376,2047,30
7294681,149376,3131,30
7294684,149376,940,29
7384166,151200,1221,868
7384169,151200,899,494
7384170,151200,4289,438
7384171,151200,276,286
7384174,151200,7327,158
7384175,151200,1226,92
7384176,151200,2974,90
7384177,151200,158,77
7384184,151200,10943,48
7384186,151200,9913,43
7384187,151200,10052,39
7384188,151200,24398,38
7384190,151200,7125,29
7384191,151200,1252,24
7384195,151200,22569,17
7384196,151200,1031,15
7384197,151200,2675,14
7384202,151200,5017,11
7384206,151200,21419,10
7456580,152673,158,811
7456581,152673,1476,586
7456583,152673,1597,422
7456584,152673,4677,290
7456585,152673,12155,253
7456588,152673,62,179
7456589,152673,17198,152
7456591,152673,9033,133
7456593,152673,2513,120
7456594,152673,414,109
7456597,152673,360,102
7456600,152673,765,98
7456602,152673,28,98
7456603,152673,354,95
7456604,152673,506,94
7456605,152673,1252,93
7456607,152673,20174,86
7456608,152673,8986,86
7456609,152673,1724,83
7456610,152673,2828,81
7456613,152673,1036,78
7456614,152673,7085,77
7456615,152673,28667,77
7456616,152673,1780,75
7456617,152673,11123,74
7456618,152673,359,70
7456620,152673,16790,68
7521807,154018,910,912
7521808,154018,689,886
7521809,154018,901,791
7521810,154018,848,739
7521811,154018,4512,662
7521812,154018,732,661
7521813,154018,4236,604
7521814,154018,1155,543
7521815,154018,911,535
7521816,154018,1947,534
7521817,154018,435,533
7521820,154018,4507,460
7521821,154018,193,409
7521822,154018,4599,396
7521826,154018,896,317
7521827,154018,5,315
7521828,154018,158,295
7521829,154018,10092,290
7521830,154018,536,280
7521832,154018,982,275
7521833,154018,2083,271
7521834,154018,290,269
7521835,154018,31,263
7521836,154018,20973,254
7521839,154018,347,235
7521840,154018,919,232
7521841,154018,6748,222
7521842,154018,775,220
7521844,154018,914,219
7521845,154018,3421,214
7521847,154018,727,197
7521848,154018,494,196
7521851,154018,46,188
7521852,154018,7730,188
7521853,154018,2131,184
7610459,155833,397,48
7610462,155833,9578,36
7610463,155833,2155,31
7610464,155833,8283,31
7610466,155833,15196,30
7610467,155833,379,30
7610468,155833,4310,28
7610470,155833,7289,28
7610475,155833,12065,24
7610476,155833,1376,23
7610478,155833,16965,22
7610479,155833,6877,21
7610480,155833,13590,21
7610481,155833,9231,21
7610483,155833,14934,19
7610486,155833,16432,18
7610487,155833,388,18
7610488,155833,18624,18
7610490,155833,9694,15
7610502,155833,411,12
7610503,155833,10023,12
7610504,155833,8365,12
7875261,161239,6824,236
7875262,161239,2737,233
7875263,161239,8793,180
7875264,161239,14797,134
7875265,161239,4748,130
7875267,161239,8775,112
7875268,161239,2752,105
7875269,161239,1838,104
7875270,161239,1834,97
7875271,161239,2743,92
7875273,161239,7765,88
7875274,161239,4745,87
7875276,161239,4833,74
7875277,161239,2758,74
7875278,161239,309,74
7875279,161239,871,65
7875280,161239,865,54
7875281,161239,10232,53
7875282,161239,7802,52
7875283,161239,4916,50
7875284,161239,1853,48
7875286,161239,11174,48
7875288,161239,3014,46
7875290,161239,2739,43
7875291,161239,3972,43
7875292,161239,1826,42
7875293,161239,10976,40
7875294,161239,8829,39
7875295,161239,8491,38
7875297,161239,4011,35
7875299,161239,2747,34
7875303,161239,6245,30
7875305,161239,8839,23
7875307,161239,560,22
7875308,161239,2456,22
7875309,161239,349,21
7875312,161239,627,16
8272634,169370,1841,3113
8272635,169370,319,2950
8272637,169370,1822,2250
8272638,169370,20562,2072
8272639,169370,309,1859
8272640,169370,1825,1844
8272641,169370,1826,1818
8272642,169370,152,1767
8272643,169370,3464,1721
8272644,169370,6824,1581
8272645,169370,22940,1573
8272650,169370,8074,1215
8272653,169370,2758,1035
8272654,169370,4832,1032
8272655,169370,19757,1024
8272658,169370,158,991
8272660,169370,12612,982
8272663,169370,1202,941
8272664,169370,8789,940
8272665,169370,807,922
8272668,169370,8786,812
8272670,169370,10976,739
8272672,169370,14842,697
8272673,169370,774,649
8272674,169370,18935,648
8272675,169370,16019,637
8272676,169370,4815,632
8272680,169370,744,581
8666974,177446,7177,284
8666976,177446,466,174
8666977,177446,9682,142
8666978,177446,5544,96
8666980,177446,1881,67
8666985,177446,3323,42
8666986,177446,4075,42
8666987,177446,1476,40
8666988,177446,1873,30
8666989,177446,1862,28
8666990,177446,6943,27
8666992,177446,1228,25
8666993,177446,6868,25
8666994,177446,1865,22
8666997,177446,8498,19
8666998,177446,2000,19
8666999,177446,1875,18
8667000,177446,1866,18
8667002,177446,1995,17
8667004,177446,2313,16
8667006,177446,158,14
8667008,177446,7518,14
8667009,177446,5809,14
8667011,177446,2332,13
8667012,177446,23464,13
8667014,177446,3359,12
8667016,177446,19581,11
8667017,177446,7679,11
8667019,177446,1991,10
8667020,177446,9684,10
8667021,177446,1252,10
8667022,177446,8499,10
8667024,177446,429,10
8667026,177446,332,9
9183572,188004,477,817
9183574,188004,226,635
9183577,188004,36,576
9183578,188004,219,529
9183580,188004,233,485
9183582,188004,791,395
9183584,188004,28745,335
9183586,188004,34056,309
9183587,188004,1816,297
9183589,188004,13382,291
9183592,188004,13407,276
9183594,188004,2032,269
9183596,188004,3225,247
9183597,188004,355,235
9183598,188004,1149,233
9183602,188004,667,211
9183604,188004,928,201
9183605,188004,1213,201
9183606,188004,3576,200
9183607,188004,230,190
9183608,188004,1490,189
9183610,188004,797,186
9183611,188004,5230,170
9183612,188004,1792,170
9183614,188004,4083,164
9183615,188004,96,156
9358524,191578,1946,408
9358525,191578,4759,358
9358527,191578,669,319
9358528,191578,998,277
9358529,191578,1389,277
9358531,191578,8059,252
9358532,191578,1449,248
9358533,191578,2413,236
9358534,191578,7224,232
9358535,191578,5303,227
9358536,191578,1318,226
9358537,191578,77,221
9358539,191578,8851,210
9358541,191578,20947,202
9358543,191578,4001,201
9358544,191578,2636,201
9358545,191578,8073,193
9358547,191578,7221,185
9358548,191578,7236,182
9358549,191578,647,180
9358551,191578,2635,178
9358552,191578,3572,177
9358553,191578,2363,175
9358556,191578,784,169
9358557,191578,200,168
9358558,191578,1312,167
9358559,191578,708,163
9358561,191578,588,155
9358562,191578,8047,154
9358563,191578,2102,151
9358566,191578,9400,148
9358568,191578,17334,146
9472190,193903,24,723
9472191,193903,1572,350
9472192,193903,246,263
9472193,193903,558,214
9472194,193903,2665,205
9472196,193903,1591,182
9472197,193903,1,172
9472198,193903,8031,151
9472199,193903,710,144
9472200,193903,1756,139
9472202,193903,2660,126
9472203,193903,5665,122
9472204,193903,35,120
9472206,193903,4679,112
9472207,193903,408,111
9472209,193903,354,111
9472210,193903,5,109
9472211,193903,5084,103
9472214,193903,1401,98
9472215,193903,751,96
9472216,193903,3020,94
9472217,193903,919,94
9472218,193903,5410,91
9472220,193903,306,86
9472221,193903,375,81
9472222,193903,2075,79
9472224,193903,1427,77
9472225,193903,273,76
9472226,193903,7094,75
9472228,193903,7220,71
9472229,193903,27574,69
9472230,193903,1583,67
9472231,193903,2077,67
9472232,193903,560,67
9472234,193903,1157,66
9472235,193903,349,66
9472236,193903,4043,62
9472237,193903,391,61
9472238,193903,5031,61
9472240,193903,455,57
9472241,193903,630,57
9472242,193903,928,55
9472243,193903,2174,54
9472244,193903,395,53
9656281,197681,1264,2581
9656282,197681,990,2229
9656283,197681,4724,1300
9656284,197681,2460,1249
9656285,197681,297,1043
9656286,197681,273,1025
9656287,197681,155,930
9656288,197681,307,703
9656289,197681,283,681
9656290,197681,293,614
9656291,197681,282,555
9656293,197681,310,508
9656294,197681,1259,502
9656295,197681,178,455
9656299,197681,278,233
9656300,197681,75,219
9656301,197681,18333,196
9656302,197681,7674,176
9656304,197681,1269,174
9656305,197681,312,170
9656306,197681,12342,145
9656307,197681,1278,144
9656308,197681,7676,130
9656309,197681,1947,130
9656313,197681,1273,94
9656314,197681,2869,86
9656315,197681,2879,85
9656316,197681,3913,81
9656318,197681,1201,70
9656319,197681,295,68
9656320,197681,744,59
9656323,197681,2448,53
9656325,197681,12335,41
9656327,197681,322,35
9656328,197681,314,29
9664950,197862,6510,1174
9664952,197862,11018,673
9664954,197862,2067,428
9664955,197862,5191,419
9664956,197862,17027,388
9664959,197862,22294,308
9664960,197862,29274,304
9664961,197862,51,258
9664962,197862,2714,253
9664963,197862,3891,248
9664966,197862,786,222
9664969,197862,5731,194
9664970,197862,9237,177
9664972,197862,17976,170
9664973,197862,2142,165
9664976,197862,1479,148
9664977,197862,11167,143
9664978,197862,4281,128
9664981,197862,215,113
9664982,197862,791,112
9664984,197862,4427,109
9664985,197862,5097,108
9664987,197862,18073,101
9664989,197862,158,97
9664990,197862,8338,96
9664991,197862,3128,75
9664992,197862,8578,63
9664993,197862,50,62
9664994,197862,12122,58
9664995,197862,8824,54
9664996,197862,96,52
9664997,197862,6464,52
9664998,197862,2779,50
9665000,197862,10405,42
9665001,197862,12186,39
9665004,197862,6839,36
9665006,197862,6488,35
9665007,197862,16086,34
9665008,197862,6395,34
9665009,197862,2922,33
9665010,197862,3491,33
9665011,197862,4333,32
9665013,197862,8062,30
9665015,197862,2231,29
9665016,197862,3221,28
9836006,201351,237,9544
9836007,201351,2501,8163
9836008,201351,2499,5611
9836009,201351,682,4692
9836010,201351,867,3972
9836012,201351,300,3531
9836013,201351,7143,3143
9836014,201351,7459,2311
9836016,201351,2804,2259
9836017,201351,972,1878
9836018,201351,4746,1867
9836019,201351,158,1687
9836021,201351,6379,1608
9836022,201351,1017,1572
9836023,201351,1150,1556
9836024,201351,2507,1493
9836025,201351,8363,1332
9836026,201351,13635,1303
9836027,201351,50,1258
9836028,201351,543,1183
9836029,201351,709,1158
9836031,201351,2493,1124
9836033,201351,10832,1094
9836034,201351,3287,1074
9836037,201351,859,1042
9836038,201351,18107,1040
9836040,201351,6134,1011
9836041,201351,7150,999
9836042,201351,1156,974
9836044,201351,955,912
9836046,201351,7731,826
9836048,201351,4061,773
9836049,201351,487,768
9836050,201351,1154,732
9836051,201351,3129,724
9836052,201351,7452,713
9836053,201351,4752,709
9836055,201351,7447,653
9843656,201509,217,364
9843657,201509,486,302
9843658,201509,960,290
9843659,201509,77,267
9843660,201509,248,239
9843662,201509,693,217
9843663,201509,3128,208
9843664,201509,207,179
9843665,201509,158,163
9843666,201509,62,161
9843668,201509,237,137
9843669,201509,703,136
9843670,201509,5000,135
9843672,201509,673,132
9843673,201509,560,129
9843674,201509,1478,127
9843675,201509,242,127
9843676,201509,5417,127
9843680,201509,2366,105
9843682,201509,69,102
9843683,201509,1449,102
9843684,201509,496,96
9843685,201509,3891,95
9843686,201509,4763,92
9843687,201509,254,89
9843688,201509,63,87
9843689,201509,6130,87
9843691,201509,1810,85
9843693,201509,1434,81
9843694,201509,16086,79
9843695,201509,1147,78
9843697,201509,1288,73
9843698,201509,13092,71
9843699,201509,569,71
9843701,201509,2257,69
9843703,201509,95,67
10154520,207903,267,1075
10154521,207903,1938,562
10154522,207903,275,552
10154523,207903,24375,483
10154524,207903,6125,482
10154526,207903,246,452
10154527,207903,237,392
10154528,207903,1942,370
10154529,207903,490,334
10154530,207903,62,328
10154532,207903,566,304
10154533,207903,158,303
10154534,207903,5,273
10154536,207903,96,238
10154538,207903,5410,237
10154539,207903,631,236
10154540,207903,1725,234
10154541,207903,5606,231
10154545,207903,1157,213
10154547,207903,2651,192
10154548,207903,1050,191
10154549,207903,1028,181
10154550,207903,6007,175
10154551,207903,775,168
10154552,207903,1944,165
10154553,207903,432,156
10154554,207903,548,152
10154556,207903,478,150
10154558,207903,1940,143
10154559,207903,724,142
10154561,207903,4799,140
10154562,207903,13392,139
10154563,207903,780,134
10154564,207903,751,132
10154566,207903,15721,125
10154568,207903,18685,115
10666463,218411,283,7345
10666464,218411,2532,2880
10666469,218411,75,1474
10666471,218411,158,1330
10666474,218411,1225,718
10666476,218411,9421,589
10666477,218411,487,568
10666478,218411,1690,554
10666479,218411,886,476
10666480,218411,6073,474
10666481,218411,286,384
10666486,218411,767,325
10666489,218411,974,302
10666491,218411,1270,290
10666492,218411,293,288
10666493,218411,301,265
10666496,218411,4893,218
10666498,218411,773,199
10666499,218411,1039,192
10666501,218411,3811,187
10666502,218411,996,183
10666505,218411,1677,178
10666506,218411,294,173
10666507,218411,1250,170
10666508,218411,8683,165
10666512,218411,1080,158
10666513,218411,7539,158
10666515,218411,2460,138
10666518,218411,1501,113
10769088,220510,221,510
10769089,220510,1771,472
10769090,220510,2267,448
10769091,220510,201,389
10769092,220510,24,341
10769094,220510,2703,313
10769095,220510,5835,303
10769096,220510,528,266
10769097,220510,62,253
10769098,220510,158,251
10769099,220510,2021,247
10769100,220510,7073,225
10769102,220510,2375,187
10769104,220510,2010,182
10769105,220510,2498,172
10769106,220510,5257,165
10769107,220510,255,160
10769108,220510,4584,158
10769109,220510,7096,156
10769110,220510,217,156
10769111,220510,1207,153
10769113,220510,2019,152
10769115,220510,354,147
10769119,220510,284,133
10769120,220510,1177,128
10769121,220510,2095,127
10769122,220510,2121,127
10769123,220510,13634,125
10769124,220510,253,124
10769127,220510,2947,120
10769129,220510,961,115
10769132,220510,496,111
10769133,220510,196,110
10769134,220510,1489,109
10769135,220510,261,109
10769136,220510,2249,108
10769138,220510,1395,103
10775799,220651,2249,98
10775800,220651,203,93
10775801,220651,3140,93
10775802,220651,3007,91
10775803,220651,3131,89
10775805,220651,1725,87
10775806,220651,3134,87
10775807,220651,528,86
10775808,220651,2146,84
10775809,220651,1884,82
10775810,220651,5786,82
10775811,220651,2251,82
10775813,220651,467,73
10775815,220651,2120,73
10775816,220651,196,70
10775818,220651,371,68
10775819,220651,770,67
10775821,220651,1971,62
10775822,220651,204,61
10775823,220651,9632,61
10775825,220651,511,60
10775826,220651,723,60
10775827,220651,783,59
10775829,220651,430,59
10775831,220651,250,58
10775833,220651,2145,57
10775834,220651,512,57
10775835,220651,12,54
10775836,220651,6737,52
10775837,220651,7345,52
10775839,220651,221,51
10775840,220651,257,51
10775841,220651,1792,51
10775842,220651,2435,50
10775843,220651,12643,50
10775844,220651,5833,49
10775845,220651,2279,48
10775846,220651,2019,48
10775847,220651,7502,47
10775848,220651,3051,47
10860085,222380,1745,898
10860086,222380,801,821
10860088,222380,773,693
10860089,222380,6680,649
10860090,222380,281,624
10860091,222380,41,615
10860092,222380,787,536
10860093,222380,5483,525
10860094,222380,1351,476
10860095,222380,3589,444
10860096,222380,982,424
10860097,222380,10127,418
10860098,222380,2788,383
10860099,222380,6254,361
10860101,222380,794,353
10860102,222380,5832,330
10860104,222380,1536,318
10860105,222380,1446,317
10860106,222380,1125,310
10860107,222380,13714,303
10860109,222380,11027,283
10860110,222380,293,282
10860112,222380,790,281
10860113,222380,47,280
10860114,222380,993,278
10860115,222380,5801,277
10860116,222380,6417,275
10860118,222380,195,272
10860119,222380,8390,265
10860120,222380,13782,248
10860121,222380,362,239
10860124,222380,1542,221
10860126,222380,2390,209
10860127,222380,1389,205
10860128,222380,4366,203
10860129,222380,780,195
10860130,222380,6288,190
10860133,222380,250,184
10860134,222380,1329,183
10860135,222380,770,173
10860136,222380,886,164
10860138,222380,14957,152
10860139,222380,2412,149
10860142,222380,202,141
10860144,222380,158,130
10860145,222380,10289,129
10860146,222380,1969,127
10860148,222380,797,120
10860149,222380,528,117
10860150,222380,267,108
10860151,222380,1004,105
10860152,222380,1476,104
10860153,222380,3571,103
10862299,222426,2034,61
10862302,222426,1377,28
10862308,222426,8150,9
10862309,222426,30049,9
10862315,222426,9884,5
10862323,222426,7950,4
10862324,222426,2203,4
10862332,222426,2201,3
10862334,222426,251,3
10862336,222426,3008,3
10862339,222426,273,3
10862341,222426,6601,3
10878926,222760,2033,263
10878927,222760,13106,246
10878928,222760,1394,222
10878929,222760,5233,219
10878930,222760,689,209
10878931,222760,732,203
10878933,222760,173,145
10878934,222760,8199,139
10878935,222760,1820,135
10878936,222760,4324,132
10878937,222760,487,127
10878939,222760,1268,114
10878941,222760,2083,109
10878942,222760,9352,104
10878945,222760,604,84
10878946,222760,901,80
10878947,222760,3664,78
10878948,222760,1430,75
10878949,222760,4310,74
10878951,222760,278,67
10878952,222760,2141,60
10878954,222760,1031,56
10878955,222760,1947,55
10878957,222760,5,51
10878958,222760,217,50
10878960,222760,1006,47
10878962,222760,9957,45
10878963,222760,267,45
10878965,222760,13092,42
10878966,222760,1774,42
10878967,222760,5524,40
10878968,222760,757,40
10878971,222760,14485,37
10985656,224950,7103,91
10985664,224950,197,55
10985674,224950,381,34
10985675,224950,7130,30
10985677,224950,200,29
10985685,224950,5107,26
10985687,224950,222,26
10985693,224950,5116,21
10985695,224950,15788,19
10985699,224950,2040,18
11494474,235446,486,1971
11494475,235446,233,717
11494476,235446,70,624
11494477,235446,673,581
11494478,235446,55,573
11494480,235446,28,474
11494481,235446,1146,454
11494482,235446,2596,430
11494483,235446,455,422
11494484,235446,492,418
11494485,235446,5417,370
11494486,235446,967,355
11494488,235446,3124,325
11494489,235446,1685,294
11494490,235446,24,277
11494491,235446,19,274
11494492,235446,498,266
11494493,235446,2257,252
11494494,235446,3891,240
11494495,235446,1449,238
11494496,235446,74,235
11494498,235446,3293,227
11494500,235446,7332,216
11494502,235446,963,199
11494503,235446,1286,195
11494504,235446,355,191
11494505,235446,1820,189
11494506,235446,9979,183
11494508,235446,13407,163
11494510,235446,1698,160
11494512,235446,1771,153
11494516,235446,4366,137
11494517,235446,17732,132
11494518,235446,2934,130
11494519,235446,271,129
11494520,235446,63,126
11494522,235446,65,124
11604433,237734,2032,773
11604434,237734,1818,483
11604439,237734,669,153
11604440,237734,1300,151
11604441,237734,1490,141
11604442,237734,12,127
11604443,237734,786,124
11604444,237734,5036,116
11604445,237734,470,116
11604446,237734,11277,107
11604447,237734,1688,99
11604451,237734,117,85
11604453,237734,5943,78
11604454,237734,5262,78
11604455,237734,217,77
11604456,237734,1005,73
11604458,237734,778,72
11604459,237734,5011,72
11604460,237734,226,64
11604462,237734,2048,63
11604463,237734,2098,61
11604466,237734,1812,57
11604468,237734,928,55
11604469,237734,2119,54
11604470,237734,2328,54
11604471,237734,3730,52
11604473,237734,787,50
11604475,237734,770,50
11604477,237734,158,46
11814340,242031,1505,1791
11814342,242031,9329,954
11814343,242031,8126,937
11814344,242031,1939,929
11814345,242031,775,855
11814347,242031,993,803
11814349,242031,1493,754
11814350,242031,901,722
11814351,242031,683,714
11814352,242031,283,712
11814354,242031,75,650
11814355,242031,2715,613
11814356,242031,1207,556
11814358,242031,246,528
11814359,242031,996,518
11814360,242031,2608,504
11814361,242031,10971,489
11814362,242031,3904,440
11814366,242031,1002,419
11814369,242031,1740,407
11814372,242031,1271,379
11814373,242031,2056,374
11814374,242031,4087,371
11814375,242031,3421,370
11814376,242031,2060,370
11814378,242031,982,349
11814379,242031,4101,348
11814380,242031,1195,336
11814382,242031,904,336
11814383,242031,2064,334
11814384,242031,1221,329
11814385,242031,913,322
11814386,242031,158,316
11814387,242031,282,315
11814390,242031,1192,300
11814393,242031,16994,285
12032428,246534,12887,2683
12032429,246534,3002,879
12032431,246534,11086,710
12032432,246534,10766,678
12032433,246534,12826,658
12032434,246534,3652,538
12032435,246534,909,505
12032436,246534,6179,503
12032438,246534,246,469
12032439,246534,2814,417
12032440,246534,4485,397
12032444,246534,12886,248
12032446,246534,3660,233
12032447,246534,30323,220
12032448,246534,436,217
12032449,246534,7630,217
12032452,246534,75,195
12032453,246534,12339,187
12032454,246534,158,187
12032459,246534,1559,138
12032461,246534,286,126
12032463,246534,193,121
12032464,246534,288,109
12032465,246534,5145,100
12032466,246534,7113,99
12032467,246534,9288,99
12032468,246534,2774,93
12032471,246534,528,85
12032473,246534,4280,80
12361181,253266,259,589
12361182,253266,3719,428
12361183,253266,1010,384
12361184,253266,786,361
12361185,253266,1810,337
12361186,253266,237,285
12361187,253266,16757,277
12361188,253266,217,271
12361189,253266,16087,270
12361190,253266,544,257
12361191,253266,4425,245
12361193,253266,4647,239
12361195,253266,821,201
12361196,253266,3113,200
12361199,253266,6465,194
12361200,253266,791,190
12361201,253266,240,173
12361202,253266,69,159
12361203,253266,7176,158
12361206,253266,2242,135
12361207,253266,11255,132
12361210,253266,4298,129
12361211,253266,2636,127
12361213,253266,65,121
12361214,253266,1966,121
12361216,253266,243,114
12361218,253266,4581,113
12361219,253266,4660,113
12361221,253266,4664,108
12361223,253266,1655,104
12361224,253266,2125,103
12361225,253266,22136,101
12361226,253266,654,100
12361228,253266,184,100
12523848,256598,8534,255
12523849,256598,4620,146
12523851,256598,297,123
12523852,256598,416,117
12523856,256598,2734,91
12523858,256598,342,75
12523859,256598,4927,70
12523860,256598,2259,64
12523861,256598,161,63
12523862,256598,36531,61
12523865,256598,13897,58
12523867,256598,28,54
12523869,256598,2804,52
12523870,256598,3007,51
12523871,256598,29146,51
12523872,256598,3655,47
12523874,256598,557,46
12523877,256598,353,43
12523878,256598,5410,42
12523880,256598,4587,34
12523881,256598,619,33
12523883,256598,5017,29
12523884,256598,3960,29
12523885,256598,13092,28
12523886,256598,2812,27
12523888,256598,1559,26
12523890,256598,7469,24
12627759,258718,355,1292
12627760,258718,4218,891
12627761,258718,3281,526
12627764,258718,4773,275
12627765,258718,14798,249
12627767,258718,917,241
12627768,258718,8059,233
12627769,258718,2242,229
12627770,258718,4216,229
12627772,258718,60,212
12627773,258718,10285,181
12627775,258718,2125,152
12627777,258718,867,134
12627779,258718,1939,132
12627780,258718,3395,124
12627781,258718,4221,115
12627782,258718,18248,113
12627783,258718,6135,105
12627784,258718,12867,100
12627785,258718,68,100
12627786,258718,2489,99
12627789,258718,3103,88
12627791,258718,22516,82
12627792,258718,13301,79
12627794,258718,4219,71
12627796,258718,8700,60
12627797,258718,19679,59
12627798,258718,267,58
12627800,258718,5843,56
12627801,258718,6510,54
12627802,258718,9834,44
12627804,258718,290,42
12627806,258718,1261,38
12627807,258718,4021,38
12627808,258718,6505,30
12627809,258718,2810,28
12627810,258718,894,27
12627813,258718,13207,21
12627815,258718,13304,20
12860110,263455,193,1478
12860111,263455,228,940
12860112,263455,3116,861
12860113,263455,724,858
12860114,263455,3114,701
12860116,263455,982,424
12860117,263455,1506,423
12860118,263455,1159,406
12860119,263455,22049,395
12860120,263455,267,334
12860121,263455,246,321
12860122,263455,560,319
12860124,263455,13709,293
12860125,263455,19799,278
12860126,263455,1947,262
12860127,263455,3212,258
12860128,263455,2992,238
12860129,263455,1493,238
12860130,263455,578,229
12860131,263455,6126,228
12860132,263455,4046,224
12860134,263455,1483,220
12860136,263455,8617,202
12860137,263455,227,202
12860140,263455,500,192
12860141,263455,7016,192
12860143,263455,1217,190
12860144,263455,7405,181
12860145,263455,281,180
12860147,263455,556,179
12860150,263455,553,165
12860152,263455,375,159
12860153,263455,10873,159
12860154,263455,1389,158
12860155,263455,918,153
12860156,263455,7088,152
12860157,263455,278,152
12860159,263455,2687,149
13035882,267045,2341,1020
13035883,267045,3980,689
13035885,267045,11580,375
13035886,267045,514,240
13035887,267045,11574,238
13035889,267045,267,205
13035890,267045,9542,171
13035891,267045,710,171
13035892,267045,8209,164
13035893,267045,1252,150
13035897,267045,9772,135
13035899,267045,1377,115
13035901,267045,20121,111
13035902,267045,1050,106
13035903,267045,6871,105
13035905,267045,535,95
13035909,267045,886,88
13035911,267045,2575,86
13035912,267045,1053,84
13035913,267045,3863,84
13035915,267045,1153,74
13035916,267045,993,74
13035917,267045,9819,71
13035918,267045,737,71
13035924,267045,1023,58
13035926,267045,9556,56
13037102,267070,1481,6349
13037105,267070,2051,1547
13037107,267070,10937,948
13037108,267070,9,790
13037112,267070,914,674
13037113,267070,19329,643
13037114,267070,17092,610
13037115,267070,487,565
13037124,267070,15,239
13037128,267070,901,190
13037129,267070,36,187
13037130,267070,173,156
13037132,267070,3723,142
13037133,267070,20505,141
13037136,267070,769,118
13037137,267070,6675,114
13037138,267070,1006,114
13037140,267070,12545,104
13037146,267070,1329,78
13037148,267070,10334,70
13116115,268685,1367,23
13116118,268685,349,10
13116119,268685,1252,9
13116120,268685,1774,7
13116122,268685,408,5
13116123,268685,3300,5
13116124,268685,1228,3
13116125,268685,1225,3
13116130,268685,5524,2
13116132,268685,4252,2
13116133,268685,9986,1
13116134,268685,5233,1
13116135,268685,7939,1
13116136,268685,8319,1
13116139,268685,2212,1
13116140,268685,158,1
13116142,268685,9984,1
13116144,268685,506,1
13116146,268685,710,1
13116147,268685,5955,1
13319491,272866,17729,863
13319492,272866,1849,610
13319494,272866,20,395
13319495,272866,7054,381
13319497,272866,288,334
13319498,272866,834,327
13319499,272866,8498,314
13319500,272866,5564,299
13319501,272866,3658,274
13319502,272866,922,265
13319503,272866,2470,262
13319504,272866,5561,252
13319506,272866,1232,231
13319509,272866,158,186
13319511,272866,5057,183
13319512,272866,1836,181
13319513,272866,3377,173
13319515,272866,6428,164
13319516,272866,1225,160
13319517,272866,1,144
13319518,272866,2075,144
13319519,272866,7912,144
13319520,272866,28073,142
13319524,272866,2479,121
13319525,272866,4607,114
13319527,272866,282,104
13319528,272866,3653,104
13319530,272866,9225,91
13319531,272866,528,90
13319532,272866,39,90
13319534,272866,265,86
13319536,272866,3004,78
13586152,278339,3840,425
13586153,278339,14492,184
13586155,278339,8030,121
13586156,278339,627,118
13586157,278339,21796,110
13586158,278339,6003,98
13586159,278339,4576,80
13586160,278339,3674,72
13586161,278339,578,70
13586162,278339,560,65
13586163,278339,6027,63
13586168,278339,349,47
13586170,278339,6028,42
13586172,278339,2678,34
13586173,278339,3062,34
13586175,278339,615,31
13586177,278339,7087,29
13586180,278339,158,26
13586181,278339,6044,26
13586182,278339,4679,25
13586186,278339,338,23
13586188,278339,1176,21
13586189,278339,557,20
13586190,278339,3831,20
13586193,278339,6033,17
13586194,278339,6057,17
13586195,278339,6040,17
13586197,278339,601,15
13710070,280879,560,1776
13710071,280879,2687,1448
13710072,280879,1611,1379
13710073,280879,3674,1033
13710074,280879,578,980
13710076,280879,1491,777
13710077,280879,2810,752
13710078,280879,4729,743
13710079,280879,390,741
13710080,280879,375,720
13710082,280879,4544,658
13710083,280879,591,654
13710084,280879,724,632
13710086,280879,2103,591
13710087,280879,11729,581
13710091,280879,3223,545
13710092,280879,265,544
13710093,280879,613,524
13710096,280879,1617,500
13710097,280879,788,498
13710098,280879,5410,492
13710100,280879,1756,485
13710101,280879,557,483
13710103,280879,2882,482
13710104,280879,16875,480
13710105,280879,368,475
13710106,280879,351,464
13710107,280879,3016,459
13710108,280879,9441,459
13710109,280879,9029,457
13710110,280879,3840,455
13710111,280879,3885,450
13710112,280879,18669,447
13710113,280879,3591,442
13710114,280879,630,442
13710115,280879,2972,417
13710117,280879,553,413
13710118,280879,5656,412
13710119,280879,10873,409
13710120,280879,3195,405
13710121,280879,2660,402
13710123,280879,1141,386
13710125,280879,158,375
13710127,280879,5423,371
13710128,280879,420,368
13717174,281019,3113,230
13717182,281019,3061,144
13717187,281019,10585,124
13717198,281019,10587,95
13717203,281019,1307,88
13717205,281019,1335,87
13717207,281019,30554,86
13717210,281019,10593,82
13717217,281019,212,76
13717227,281019,5512,69
13717229,281019,7941,67
13717230,281019,15382,65
13717233,281019,9370,61
13717234,281019,158,59
13717235,281019,123,59
13717237,281019,106,57
14036244,287538,1403,80
14036245,287538,202,78
14036246,287538,7125,72
14036247,287538,616,71
14036248,287538,24,71
14036249,287538,5378,70
14036250,287538,159,65
14036251,287538,3055,65
14036252,287538,12,63
14036253,287538,2498,63
14036254,287538,368,60
14036256,287538,2279,58
14036257,287538,8205,53
14036258,287538,2810,53
14036262,287538,1579,48
14036263,287538,455,47
14036264,287538,2117,46
14036265,287538,2098,45
14036267,287538,390,44
14036268,287538,1753,44
14036269,287538,353,43
14036270,287538,210,42
14036273,287538,2095,41
14036274,287538,3863,41
14036278,287538,370,40
14036279,287538,546,39
14036280,287538,250,39
14036281,287538,338,39
14036283,287538,24212,38
14036285,287538,10175,36
14036286,287538,6737,35
14036287,287538,2714,35
14036289,287538,7094,35
14036290,287538,5007,35
14036291,287538,2382,35
14332427,293590,184,214
14332428,293590,932,190
14332429,293590,7540,162
14332430,293590,9453,150
14332431,293590,2726,147
14332433,293590,936,140
14332434,293590,1225,111
14332435,293590,807,109
14332436,293590,178,78
14332437,293590,896,77
14332438,293590,826,73
14332439,293590,2349,68
14332441,293590,4069,66
14332442,293590,746,61
14332443,293590,744,60
14332444,293590,276,56
14332445,293590,919,53
14332446,293590,909,52
14332447,293590,767,52
14332448,293590,283,49
14332449,293590,1183,44
14332451,293590,2740,40
14332453,293590,2804,38
14332454,293590,500,35
14332455,293590,687,35
14332457,293590,355,33
14332458,293590,738,33
14332459,293590,2763,32
14332460,293590,12292,31
14332461,293590,309,31
14332462,293590,773,29
14332464,293590,267,29
14332466,293590,146,27
14332467,293590,193,27
14332468,293590,774,26
14332469,293590,900,26
14332470,293590,10724,23
14332473,293590,2264,22
14332475,293590,301,21
14624775,299570,3254,756
14624776,299570,1221,717
14624778,299570,917,465
14624779,299570,435,417
14624780,299570,1939,396
14624781,299570,4236,317
14624782,299570,17,309
14624783,299570,158,285
14624784,299570,4215,278
14624785,299570,904,240
14624786,299570,6621,232
14624788,299570,911,204
14624790,299570,1559,182
14624794,299570,895,158
14624796,299570,607,150
14624797,299570,3375,150
14624798,299570,41566,135
14624800,299570,922,120
14624801,299570,2778,117
14624802,299570,11716,110
14624803,299570,355,106
14624805,299570,982,93
14624806,299570,13861,89
14624809,299570,1007,85
14624810,299570,1155,83
14624812,299570,4221,80
14624813,299570,710,77
14624815,299570,724,73
14624817,299570,689,70
14624818,299570,1271,64
14624820,299570,3608,62
14624823,299570,6667,59
14757282,302289,3364,751
14757283,302289,285,630
14757284,302289,2449,623
14757285,302289,4498,529
14757286,302289,166,485
14757288,302289,825,442
14757289,302289,2889,388
14757290,302289,2445,359
14757291,302289,181,355
14757292,302289,280,340
14757294,302289,813,315
14757295,302289,146,305
14757296,302289,3656,289
14757299,302289,4634,228
14757300,302289,816,225
14757301,302289,190,224
14757302,302289,2444,220
14757303,302289,282,219
14757308,302289,164,197
14757310,302289,5048,189
14757311,302289,827,188
14757312,302289,297,182
14757313,302289,3396,181
14757314,302289,806,174
14757315,302289,30,168
14757316,302289,8789,164
14757317,302289,28143,164
14757318,302289,25,162
14757320,302289,162,154
14757321,302289,2450,152
14757322,302289,1187,149
14757323,302289,15566,144
14757324,302289,310,144
14757325,302289,2461,141
14757327,302289,168,135
14757329,302289,9057,130
15240130,312161,197,575
15240131,312161,242,511
15240132,312161,2287,358
15240133,312161,2992,289
15240134,312161,1343,256
15240137,312161,544,224
15240138,312161,708,213
15240139,312161,2822,209
15240140,312161,3497,203
15240141,312161,1204,202
15240142,312161,2714,201
15240143,312161,1489,172
15240145,312161,3929,167
15240146,312161,252,141
15240147,312161,195,135
15240148,312161,217,132
15240149,312161,1160,108
15240150,312161,7156,100
15240151,312161,353,96
15240152,312161,62,95
15240153,312161,786,93
15240155,312161,1960,84
15240157,312161,5507,80
15240159,312161,961,78
15240160,312161,6467,77
15240161,312161,6741,77
15240162,312161,3014,75
15240163,312161,2494,74
15240164,312161,16872,69
15240166,312161,992,67
15240169,312161,158,65
15240172,312161,3467,57
15240174,312161,35,56
15240175,312161,4078,50
15240176,312161,21224,47
15240177,312161,1213,47
15240180,312161,1438,44
15319990,313793,246,8978
15319991,313793,1080,5031
15319992,313793,5889,2244
15319993,313793,284,1671
15319994,313793,1690,1641
15319996,313793,921,1367
15319997,313793,217,1178
15319998,313793,37,936
15319999,313793,2033,749
15320000,313793,775,706
15320001,313793,1147,639
15320002,313793,5,637
15320004,313793,55,546
15320005,313793,516,504
15320006,313793,259,503
15320007,313793,325,451
15320008,313793,267,406
15320009,313793,487,403
15320010,313793,4324,390
15320011,313793,293,385
15320012,313793,12171,344
15320014,313793,278,340
15320016,313793,432,306
15320017,313793,1449,290
15320019,313793,2083,276
15320020,313793,1799,265
15320022,313793,1022,239
15320023,313793,427,236
15320024,313793,1896,217
15320026,313793,630,212
15320028,313793,1149,199
15320030,313793,9404,174
15320031,313793,510,166
15320032,313793,74,159
15320033,313793,56,142
15320034,313793,1389,126
15320035,313793,2650,125
15320037,313793,901,122
15531251,318147,6470,7216
15531252,318147,4411,2679
15531254,318147,3270,1414
15531256,318147,12,1395
15531257,318147,1485,1273
15531258,318147,3484,934
15531260,318147,2120,835
15531261,318147,3209,826
15531262,318147,22060,768
15531263,318147,770,698
15531264,318147,12127,684
15531270,318147,29146,523
15531272,318147,487,505
15531274,318147,355,471
15531276,318147,2251,437
15531277,318147,4546,430
15531279,318147,4862,427
15531281,318147,421,398
15531282,318147,2466,394
15531283,318147,10174,387
15531287,318147,9509,358
15531292,318147,2656,297
15531293,318147,2654,296
15531295,318147,7021,285
15531296,318147,3745,285
15531297,318147,14152,284
15531299,318147,1151,278
15531301,318147,10066,260
15531551,318153,267,345
15531552,318153,1076,256
15531554,318153,41,178
15531555,318153,246,157
15531556,318153,3414,126
15531557,318153,316,104
15531558,318153,1261,100
15531559,318153,5,79
15531561,318153,158,74
15531562,318153,282,71
15531563,318153,1506,69
15531564,318153,901,67
15531566,318153,982,62
15531568,318153,5106,55
15531570,318153,249,53
15531571,318153,660,53
15531572,318153,2575,51
15531575,318153,173,47
15531577,318153,1733,42
15531578,318153,1389,42
15531579,318153,775,42
15531580,318153,5821,41
15531581,318153,1476,40
15531584,318153,283,37
15531585,318153,26947,37
15531587,318153,642,36
15531588,318153,312,36
15531590,318153,1947,35
15531591,318153,15612,34
15531592,318153,4606,34
15531594,318153,281,32
15531596,318153,1185,31
15580025,319143,217,796
15580026,319143,121,553
15580027,319143,3323,508
15580028,319143,1267,495
15580029,319143,5544,450
15580031,319143,528,394
15580032,319143,2117,377
15580033,319143,1881,375
15580034,319143,12865,347
15580036,319143,62,324
15580038,319143,11910,288
15580039,319143,7177,276
15580040,319143,466,270
15580042,319143,3020,229
15580043,319143,2021,228
15580045,319143,29146,209
15580046,319143,1509,192
15580047,319143,1804,186
15580050,319143,8998,166
15580051,319143,1760,163
15580052,319143,4602,155
15580053,319143,15664,152
15580054,319143,8500,151
15580056,319143,5834,150
15580057,319143,10398,150
15580058,319143,2083,149
15580059,319143,4544,148
15580060,319143,7058,146
15580061,319143,1596,146
15580062,319143,329,140
15580063,319143,5017,137
15580064,319143,161,134
15580065,319143,1725,134
15580067,319143,12740,131
15580068,319143,711,130
15580069,319143,470,129
15580071,319143,184,122
15580072,319143,459,119
15580073,319143,732,116
15580074,319143,5765,113
15580075,319143,158,112
15580076,319143,1866,105
15580078,319143,494,101
15580080,319143,1229,100
15580081,319143,1862,99
15620659,320059,203,163
15620660,320059,12,69
15620661,320059,3501,61
15620662,320059,362,61
15620663,320059,3612,45
15620665,320059,928,40
15620667,320059,198,36
15620668,320059,3059,36
15620669,320059,196,33
15620670,320059,7918,33
15620671,320059,1157,30
15620673,320059,255,28
15620674,320059,723,28
15620675,320059,3008,27
15620679,320059,5664,26
15620680,320059,2994,24
15620681,320059,2117,23
15620682,320059,207,23
15620683,320059,2019,23
15620684,320059,2048,23
15620685,320059,1725,23
15620686,320059,210,22
15620687,320059,3885,22
15620688,320059,217,22
15620691,320059,2385,20
15620692,320059,2146,20
15620693,320059,2120,20
15620694,320059,1483,19
15620697,320059,610,19
15620698,320059,2267,19
15620699,320059,265,19
15620700,320059,1485,18
15620702,320059,206,18
15620703,320059,3134,18
15620704,320059,2251,17
15788511,323573,62,910
15788512,323573,12,644
15788513,323573,11815,577
15788514,323573,339,420
15788515,323573,10110,303
15788516,323573,1946,274
15788517,323573,9370,264
15788518,323573,528,221
15788519,323573,2103,215
15788520,323573,2249,196
15788522,323573,242,189
15788524,323573,4189,176
15788525,323573,790,169
15788526,323573,6902,166
15788529,323573,797,148
15788530,323573,3134,148
15788532,323573,6181,130
15788533,323573,997,128
15788534,323573,6184,121
15788536,323573,253,107
15788538,323573,12264,96
15788541,323573,1164,74
15788542,323573,10568,73
15788544,323573,255,71
15788545,323573,201,70
15788547,323573,203,66
15788549,323573,267,58
15788551,323573,356,56
15788553,323573,4168,55
15788554,323573,1805,52
15788555,323573,5873,46
15788556,323573,533,44
15788557,323573,2481,44
15788559,323573,374,42
15793258,323669,4486,6217
15793259,323669,3960,3954
15793260,323669,1190,3055
15793261,323669,1225,2530
15793262,323669,2448,2118
15793264,323669,9967,1116
15793265,323669,3947,901
15793266,323669,1550,865
15793268,323669,194,788
15793269,323669,1195,737
15793270,323669,8079,720
15793271,323669,3373,677
15793273,323669,2430,617
15793275,323669,6782,603
15793276,323669,12739,600
15793278,323669,8077,576
15793279,323669,901,571
15793281,323669,9042,515
15793282,323669,767,493
15793283,323669,155,491
15793286,323669,6390,472
15793288,323669,21228,462
15793289,323669,2010,454
15793291,323669,1192,445
15793293,323669,288,442
15793296,323669,1567,436
15793297,323669,3863,436
15793298,323669,10792,411
15793299,323669,5138,410
15793300,323669,4488,400
15793301,323669,455,398
15793302,323669,17736,397
15793303,323669,5057,394
15793304,323669,25,390
15793306,323669,1559,351
15793307,323669,1609,347
15793308,323669,4944,337
15793309,323669,11765,335
15793311,323669,8557,315
15793312,323669,9044,303
15793313,323669,5368,302
15969934,327283,472,1880
15969941,327283,499,869
15969942,327283,737,788
15969943,327283,5852,778
15969945,327283,2225,668
15969947,327283,4704,591
15969948,327283,20141,573
15969949,327283,3089,553
15969956,327283,158,494
15969958,327283,4459,482
15969962,327283,494,471
15969964,327283,3964,452
15969967,327283,14898,433
15969969,327283,2768,426
15969970,327283,746,426
15969973,327283,75,410
15969975,327283,2300,403
15969977,327283,24113,391
15969979,327283,40484,389
15969980,327283,217,387
15969981,327283,9197,387
15969984,327283,957,344
15969985,327283,8195,340
15969986,327283,4145,337
16196230,331898,203,176
16196231,331898,3413,141
16196233,331898,217,93
16196235,331898,202,87
16196236,331898,5069,66
16196237,331898,121,64
16196238,331898,3929,61
16196240,331898,12,52
16196241,331898,2146,51
16196242,331898,12371,46
16196243,331898,5779,46
16196248,331898,9934,36
16196250,331898,2145,33
16196251,331898,75,32
16196252,331898,2030,31
16196253,331898,1483,29
16196255,331898,1368,26
16196259,331898,9289,24
16196260,331898,1157,23
16196261,331898,467,23
16196264,331898,353,20
16196266,331898,273,19
16196269,331898,13110,18
16196270,331898,2659,17
16196272,331898,22084,15
16196273,331898,22166,14
16196275,331898,13081,14
16196277,331898,1592,13
16367501,335414,9183,550
16367507,335414,5561,334
16367508,335414,10041,284
16367509,335414,2472,250
16367513,335414,5375,176
16367514,335414,8004,174
16367515,335414,6410,161
16367517,335414,8011,158
16367521,335414,5566,148
16367522,335414,10004,130
16367525,335414,8000,92
16367526,335414,5616,83
16367527,335414,3779,78
16367528,335414,1849,78
16367529,335414,15407,77
16367531,335414,17274,67
16367533,335414,22,63
16367535,335414,4437,51
16367538,335414,2470,45
16367539,335414,3092,44
16367542,335414,6417,42
16519887,338533,255,4739
16519888,338533,2647,3600
16519889,338533,1763,3072
16519890,338533,1725,2096
16519891,338533,9879,1658
16519893,338533,12,986
16519895,338533,3020,938
16519896,338533,20662,848
16519897,338533,349,833
16519898,338533,353,785
16519899,338533,412,736
16519901,338533,3140,638
16519903,338533,2651,567
16519904,338533,430,563
16519905,338533,8745,521
16519906,338533,21048,517
16519907,338533,265,511
16519908,338533,2268,509
16519909,338533,283,504
16519910,338533,440,427
16519911,338533,467,415
16519913,338533,379,388
16519915,338533,461,378
16519918,338533,1195,320
16519919,338533,6436,309
16519920,338533,7631,291
16519921,338533,2385,282
16519922,338533,2211,280
16519923,338533,5786,277
16519925,338533,24919,260
16519927,338533,1918,255
16519930,338533,203,228
16519931,338533,5603,228
16519932,338533,2271,225
16519933,338533,6466,222
16519934,338533,1422,221
16519936,338533,26340,206
16963453,347591,6434,5823
16963454,347591,6470,1935
16963457,347591,276,721
16963458,347591,7919,589
16963460,347591,353,461
16963461,347591,10174,427
16963463,347591,158,379
16963464,347591,7916,336
16963465,347591,7131,333
16963466,347591,20662,304
16963467,347591,19912,237
16963473,347591,890,155
16963475,347591,240,144
16963477,347591,901,127
16963478,347591,13646,115
16963481,347591,10786,113
16963484,347591,6468,105
16963486,347591,5795,103
16963487,347591,368,103
16963488,347591,775,99
16963490,347591,26828,85
16963492,347591,658,75
16963493,347591,70,73
16963494,347591,1618,69
16963495,347591,622,67
16963496,347591,14042,65
16963497,347591,18817,64
16963499,347591,2119,64
17091027,350198,2077,2574
17091028,350198,62,2045
17091029,350198,615,1738
17091030,350198,560,1099
17091031,350198,306,1000
17091033,350198,24,802
17091034,350198,1491,742
17091035,350198,869,619
17091036,350198,503,611
17091037,350198,2644,545
17091038,350198,1166,540
17091039,350198,35,529
17091041,350198,600,474
17091042,350198,1377,442
17091043,350198,5,425
17091044,350198,1428,421
17091045,350198,329,416
17091046,350198,4591,372
17091047,350198,22885,368
17091048,350198,1591,361
17091049,350198,2109,354
17091051,350198,2660,323
17091053,350198,710,318
17091055,350198,616,291
17091056,350198,2678,277
17091057,350198,494,251
17091058,350198,353,245
17091059,350198,2666,233
17091060,350198,728,223
17091062,350198,5017,218
17091064,350198,11913,196
17091067,350198,553,190
17091068,350198,187,184
17091069,350198,1163,182
17091070,350198,368,180
17091071,350198,601,176
17091074,350198,993,160
17168336,351786,56,8794
17168337,351786,237,6619
17168338,351786,1444,3075
17168339,351786,1804,2191
17168340,351786,901,1954
17168342,351786,2378,1428
17168343,351786,4248,1404
17168344,351786,5288,1088
17168345,351786,6511,1087
17168346,351786,859,1072
17168348,351786,669,890
17168349,351786,708,744
17168350,351786,867,728
17168352,351786,1080,708
17168353,351786,158,673
17168356,351786,9301,631
17168357,351786,15870,625
17168358,351786,435,594
17168361,351786,994,555
17168362,351786,949,551
17168363,351786,9849,537
17168364,351786,3518,529
17168365,351786,4241,509
17168367,351786,778,468
17168368,351786,858,465
17168370,351786,1505,446
17168371,351786,882,441
17168372,351786,790,432
17168374,351786,11177,416
17168375,351786,200,392
17168376,351786,2505,390
17168377,351786,1207,387
17168378,351786,872,373
17168379,351786,195,369
17168380,351786,13867,361
17168381,351786,20064,356
17168383,351786,4509,328
17168384,351786,1409,324
17168386,351786,246,311
17168387,351786,4158,306
17168388,351786,852,301
17168389,351786,843,297
17168391,351786,865,295
17168393,351786,1939,292
17168394,351786,787,288
17240267,353267,158,1541
17240268,353267,6422,604
17240270,353267,17389,366
17240272,353267,6553,244
17240273,353267,6550,236
17240274,353267,758,215
17240275,353267,457,214
17240277,353267,10811,178
17240279,353267,193,152
17240280,353267,15392,146
17240281,353267,3662,143
17240288,353267,1078,108
17240290,353267,1550,105
17240291,353267,16877,105
17240292,353267,6424,97
17240293,353267,5330,87
17240295,353267,596,76
17240297,353267,8000,74
17240298,353267,3950,73
17240299,353267,8077,73
17240301,353267,3955,70
17240303,353267,14871,67
17240307,353267,1831,60
17240308,353267,1538,57
17240309,353267,8001,50
17240310,353267,8597,50
17240311,353267,7997,45
17240314,353267,5246,42
17440324,357383,1065,103
17440325,357383,2328,78
17440327,357383,365,67
17440328,357383,3664,59
17440329,357383,2188,45
17440332,357383,2796,40
17440333,357383,158,38
17440335,357383,1752,35
17440336,357383,3713,32
17440337,357383,2518,31
17440340,357383,560,28
17440342,357383,8128,25
17440344,357383,1379,23
17440346,357383,1066,22
17440347,357383,765,22
17440348,357383,1778,20
17440350,357383,3672,19
17440351,357383,1227,18
17440353,357383,2800,18
17440354,357383,2189,18
17440355,357383,408,17
17440356,357383,1761,17
17440357,357383,360,17
17440358,357383,370,17
17440359,357383,1592,17
17440360,357383,62,16
17440362,357383,3514,15
